{
  "Gradient Boosting": {
    "accuracy": 0.7743080198722498,
    "precision": 0.5578512396694215,
    "recall": 0.7219251336898396,
    "f1_score": 0.6293706293706294,
    "roc_auc": 0.8426050789222144
  },
  "Random Forest": {
    "accuracy": 0.7544357700496807,
    "precision": 0.5259259259259259,
    "recall": 0.7593582887700535,
    "f1_score": 0.6214442013129103,
    "roc_auc": 0.829099175902245
  },
  "SVM": {
    "accuracy": 0.758694109297374,
    "precision": 0.5335968379446641,
    "recall": 0.7219251336898396,
    "f1_score": 0.6136363636363636,
    "roc_auc": NaN
  },
  "Logistic Regression": {
    "accuracy": 0.759403832505323,
    "precision": 0.5349301397205589,
    "recall": 0.7165775401069518,
    "f1_score": 0.6125714285714285,
    "roc_auc": 0.8400062001085019
  },
  "Decision Tree": {
    "accuracy": 0.7686302342086586,
    "precision": 0.5609137055837563,
    "recall": 0.5909090909090909,
    "f1_score": 0.5755208333333334,
    "roc_auc": 0.7438076416337286
  },
  "KNN": {
    "accuracy": 0.6408800567778566,
    "precision": 0.4126984126984127,
    "recall": 0.8342245989304813,
    "f1_score": 0.552212389380531,
    "roc_auc": 0.7686984938903098
  }
}